"Route","RefCount","FilePath"
"/api/ai/about","0","\src\app\api\ai\about\route.ts"
"/api/ai/agent-types","0","\src\app\api\ai\agent-types\route.ts"
"/api/ai/agents","0","\src\app\api\ai\agents\route.ts"
"/api/ai/agents/resolve","0","\src\app\api\ai\agents\resolve\route.ts"
"/api/ai/analytics","0","\src\app\api\ai\analytics\route.ts"
"/api/ai/analytics/health","0","\src\app\api\ai\analytics\health\route.ts"
"/api/ai/build","0","\src\app\api\ai\build\route.ts"
"/api/ai/cache","0","\src\app\api\ai\cache\route.ts"
"/api/ai/cache/clear","0","\src\app\api\ai\cache\clear\route.ts"
"/api/ai/cache/data","0","\src\app\api\ai\cache\data\route.ts"
"/api/ai/cache/diagnostics","0","\src\app\api\ai\cache\diagnostics\route.ts"
"/api/ai/cache/health","0","\src\app\api\ai\cache\health\route.ts"
"/api/ai/cache/info","0","\src\app\api\ai\cache\info\route.ts"
"/api/ai/cache/ping","0","\src\app\api\ai\cache\ping\route.ts"
"/api/ai/cache/stats","0","\src\app\api\ai\cache\stats\route.ts"
"/api/ai/cache/version","0","\src\app\api\ai\cache\version\route.ts"
"/api/ai/cleaner","0","\src\app\api\ai\cleaner\route.ts"
"/api/ai/cleaner/health","0","\src\app\api\ai\cleaner\health\route.ts"
"/api/ai/clear","0","\src\app\api\ai\clear\route.ts"
"/api/ai/compress","0","\src\app\api\ai\compress\route.ts"
"/api/ai/compress/health","0","\src\app\api\ai\compress\health\route.ts"
"/api/ai/context","0","\src\app\api\ai\context\route.ts"
"/api/ai/context/health","0","\src\app\api\ai\context\health\route.ts"
"/api/ai/conversations","0","\src\app\api\ai\conversations\route.ts"
"/api/ai/conversations/\w+","0","\src\app\api\ai\conversations\[id]\route.ts"
"/api/ai/count","0","\src\app\api\ai\count\route.ts"
"/api/ai/deduplicate","0","\src\app\api\ai\deduplicate\route.ts"
"/api/ai/deduplicate/health","0","\src\app\api\ai\deduplicate\health\route.ts"
"/api/ai/diagnostics-summary","0","\src\app\api\ai\diagnostics-summary\route.ts"
"/api/ai/discover","0","\src\app\api\ai\discover\route.ts"
"/api/ai/echo","0","\src\app\api\ai\echo\route.ts"
"/api/ai/engine","0","\src\app\api\ai\engine\route.ts"
"/api/ai/events","0","\src\app\api\ai\events\route.ts"
"/api/ai/events/diagnostics","0","\src\app\api\ai\events\diagnostics\route.ts"
"/api/ai/events/emit","0","\src\app\api\ai\events\emit\route.ts"
"/api/ai/events/health","0","\src\app\api\ai\events\health\route.ts"
"/api/ai/events/info","0","\src\app\api\ai\events\info\route.ts"
"/api/ai/events/ping","0","\src\app\api\ai\events\ping\route.ts"
"/api/ai/events/ready","0","\src\app\api\ai\events\ready\route.ts"
"/api/ai/events/stats","0","\src\app\api\ai\events\stats\route.ts"
"/api/ai/events/version","0","\src\app\api\ai\events\version\route.ts"
"/api/ai/export","0","\src\app\api\ai\export\route.ts"
"/api/ai/exporter","0","\src\app\api\ai\exporter\route.ts"
"/api/ai/exporter/health","0","\src\app\api\ai\exporter\health\route.ts"
"/api/ai/extensions","0","\src\app\api\ai\extensions\route.ts"
"/api/ai/extensions/all","0","\src\app\api\ai\extensions\all\route.ts"
"/api/ai/extensions/delete","0","\src\app\api\ai\extensions\delete\route.ts"
"/api/ai/extensions/diagnostics","0","\src\app\api\ai\extensions\diagnostics\route.ts"
"/api/ai/extensions/health","0","\src\app\api\ai\extensions\health\route.ts"
"/api/ai/extensions/info","0","\src\app\api\ai\extensions\info\route.ts"
"/api/ai/extensions/lookup","0","\src\app\api\ai\extensions\lookup\route.ts"
"/api/ai/extensions/version","0","\src\app\api\ai\extensions\version\route.ts"
"/api/ai/filter","0","\src\app\api\ai\filter\route.ts"
"/api/ai/filter/health","0","\src\app\api\ai\filter\health\route.ts"
"/api/ai/formatter","0","\src\app\api\ai\formatter\route.ts"
"/api/ai/formatter/health","0","\src\app\api\ai\formatter\health\route.ts"
"/api/ai/heartbeat","0","\src\app\api\ai\heartbeat\route.ts"
"/api/ai/identity","0","\src\app\api\ai\identity\route.ts"
"/api/ai/import","0","\src\app\api\ai\import\route.ts"
"/api/ai/jobs","0","\src\app\api\ai\jobs\route.ts"
"/api/ai/jobs/all","0","\src\app\api\ai\jobs\all\route.ts"
"/api/ai/jobs/delete","0","\src\app\api\ai\jobs\delete\route.ts"
"/api/ai/jobs/diagnostics","0","\src\app\api\ai\jobs\diagnostics\route.ts"
"/api/ai/jobs/health","0","\src\app\api\ai\jobs\health\route.ts"
"/api/ai/jobs/info","0","\src\app\api\ai\jobs\info\route.ts"
"/api/ai/jobs/lookup","0","\src\app\api\ai\jobs\lookup\route.ts"
"/api/ai/jobs/version","0","\src\app\api\ai\jobs\version\route.ts"
"/api/ai/logs","0","\src\app\api\ai\logs\route.ts"
"/api/ai/logs/clear","0","\src\app\api\ai\logs\clear\route.ts"
"/api/ai/manifest","0","\src\app\api\ai\manifest\route.ts"
"/api/ai/merge","0","\src\app\api\ai\merge\route.ts"
"/api/ai/merge/health","0","\src\app\api\ai\merge\health\route.ts"
"/api/ai/messages","0","\src\app\api\ai\messages\route.ts"
"/api/ai/messages/health","0","\src\app\api\ai\messages\health\route.ts"
"/api/ai/metadata","0","\src\app\api\ai\metadata\route.ts"
"/api/ai/metrics","0","\src\app\api\ai\metrics\route.ts"
"/api/ai/middleware","0","\src\app\api\ai\middleware\route.ts"
"/api/ai/middleware/health","0","\src\app\api\ai\middleware\health\route.ts"
"/api/ai/modules","0","\src\app\api\ai\modules\route.ts"
"/api/ai/options","0","\src\app\api\ai\options\route.ts"
"/api/ai/overview","0","\src\app\api\ai\overview\route.ts"
"/api/ai/parser","0","\src\app\api\ai\parser\route.ts"
"/api/ai/parser/health","0","\src\app\api\ai\parser\health\route.ts"
"/api/ai/payload","0","\src\app\api\ai\payload\route.ts"
"/api/ai/ping","0","\src\app\api\ai\ping\route.ts"
"/api/ai/pipeline","0","\src\app\api\ai\pipeline\route.ts"
"/api/ai/pipeline/diagnostics","0","\src\app\api\ai\pipeline\diagnostics\route.ts"
"/api/ai/pipeline/health","0","\src\app\api\ai\pipeline\health\route.ts"
"/api/ai/pipeline/info","0","\src\app\api\ai\pipeline\info\route.ts"
"/api/ai/pipeline/status","0","\src\app\api\ai\pipeline\status\route.ts"
"/api/ai/pipeline/version","0","\src\app\api\ai\pipeline\version\route.ts"
"/api/ai/plugins","0","\src\app\api\ai\plugins\route.ts"
"/api/ai/plugins/all","0","\src\app\api\ai\plugins\all\route.ts"
"/api/ai/plugins/delete","0","\src\app\api\ai\plugins\delete\route.ts"
"/api/ai/plugins/diagnostics","0","\src\app\api\ai\plugins\diagnostics\route.ts"
"/api/ai/plugins/health","0","\src\app\api\ai\plugins\health\route.ts"
"/api/ai/plugins/info","0","\src\app\api\ai\plugins\info\route.ts"
"/api/ai/plugins/lookup","0","\src\app\api\ai\plugins\lookup\route.ts"
"/api/ai/plugins/version","0","\src\app\api\ai\plugins\version\route.ts"
"/api/ai/prompts","0","\src\app\api\ai\prompts\route.ts"
"/api/ai/providers","0","\src\app\api\ai\providers\route.ts"
"/api/ai/queue","0","\src\app\api\ai\queue\route.ts"
"/api/ai/queue/data","0","\src\app\api\ai\queue\data\route.ts"
"/api/ai/queue/diagnostics","0","\src\app\api\ai\queue\diagnostics\route.ts"
"/api/ai/queue/health","0","\src\app\api\ai\queue\health\route.ts"
"/api/ai/queue/info","0","\src\app\api\ai\queue\info\route.ts"
"/api/ai/queue/metrics","0","\src\app\api\ai\queue\metrics\route.ts"
"/api/ai/queue/pop","0","\src\app\api\ai\queue\pop\route.ts"
"/api/ai/queue/status","0","\src\app\api\ai\queue\status\route.ts"
"/api/ai/queue/version","0","\src\app\api\ai\queue\version\route.ts"
"/api/ai/registry","0","\src\app\api\ai\registry\route.ts"
"/api/ai/request-id","0","\src\app\api\ai\request-id\route.ts"
"/api/ai/request-id/health","0","\src\app\api\ai\request-id\health\route.ts"
"/api/ai/requests","0","\src\app\api\ai\requests\route.ts"
"/api/ai/requests/all","0","\src\app\api\ai\requests\all\route.ts"
"/api/ai/response-cache","0","\src\app\api\ai\response-cache\route.ts"
"/api/ai/response-cache/clear","0","\src\app\api\ai\response-cache\clear\route.ts"
"/api/ai/response-cache/health","0","\src\app\api\ai\response-cache\health\route.ts"
"/api/ai/response-cache/version","0","\src\app\api\ai\response-cache\version\route.ts"
"/api/ai/roles","0","\src\app\api\ai\roles\route.ts"
"/api/ai/root","0","\src\app\api\ai\root\route.ts"
"/api/ai/routes","0","\src\app\api\ai\routes\route.ts"
"/api/ai/sanitizer","0","\src\app\api\ai\sanitizer\route.ts"
"/api/ai/sanitizer/health","0","\src\app\api\ai\sanitizer\health\route.ts"
"/api/ai/search","0","\src\app\api\ai\search\route.ts"
"/api/ai/serializer","0","\src\app\api\ai\serializer\route.ts"
"/api/ai/serializer/health","0","\src\app\api\ai\serializer\health\route.ts"
"/api/ai/server","0","\src\app\api\ai\server\route.ts"
"/api/ai/services","0","\src\app\api\ai\services\route.ts"
"/api/ai/settings","0","\src\app\api\ai\settings\route.ts"
"/api/ai/sort","0","\src\app\api\ai\sort\route.ts"
"/api/ai/sort/health","0","\src\app\api\ai\sort\health\route.ts"
"/api/ai/statistics","0","\src\app\api\ai\statistics\route.ts"
"/api/ai/statistics/health","0","\src\app\api\ai\statistics\health\route.ts"
"/api/ai/stats","0","\src\app\api\ai\stats\route.ts"
"/api/ai/stopwatch","0","\src\app\api\ai\stopwatch\route.ts"
"/api/ai/stopwatch/health","0","\src\app\api\ai\stopwatch\health\route.ts"
"/api/ai/stopwatch/version","0","\src\app\api\ai\stopwatch\version\route.ts"
"/api/ai/stream","0","\src\app\api\ai\stream\route.ts"
"/api/ai/stream/config","0","\src\app\api\ai\stream\config\route.ts"
"/api/ai/stream/diagnostics","0","\src\app\api\ai\stream\diagnostics\route.ts"
"/api/ai/stream/health","0","\src\app\api\ai\stream\health\route.ts"
"/api/ai/stream/metrics","0","\src\app\api\ai\stream\metrics\route.ts"
"/api/ai/stream/status","0","\src\app\api\ai\stream\status\route.ts"
"/api/ai/stream/version","0","\src\app\api\ai\stream\version\route.ts"
"/api/ai/summary","0","\src\app\api\ai\summary\route.ts"
"/api/ai/summary/generate","0","\src\app\api\ai\summary\generate\route.ts"
"/api/ai/summary/health","0","\src\app\api\ai\summary\health\route.ts"
"/api/ai/summary/version","0","\src\app\api\ai\summary\version\route.ts"
"/api/ai/system","0","\src\app\api\ai\system\route.ts"
"/api/ai/tasks","0","\src\app\api\ai\tasks\route.ts"
"/api/ai/tasks/all","0","\src\app\api\ai\tasks\all\route.ts"
"/api/ai/tasks/delete","0","\src\app\api\ai\tasks\delete\route.ts"
"/api/ai/tasks/diagnostics","0","\src\app\api\ai\tasks\diagnostics\route.ts"
"/api/ai/tasks/health","0","\src\app\api\ai\tasks\health\route.ts"
"/api/ai/tasks/info","0","\src\app\api\ai\tasks\info\route.ts"
"/api/ai/tasks/lookup","0","\src\app\api\ai\tasks\lookup\route.ts"
"/api/ai/tasks/version","0","\src\app\api\ai\tasks\version\route.ts"
"/api/ai/time","0","\src\app\api\ai\time\route.ts"
"/api/ai/tokens","0","\src\app\api\ai\tokens\route.ts"
"/api/ai/tokens/estimate","0","\src\app\api\ai\tokens\estimate\route.ts"
"/api/ai/tools","0","\src\app\api\ai\tools\route.ts"
"/api/ai/tools/diagnostics","0","\src\app\api\ai\tools\diagnostics\route.ts"
"/api/ai/tools/execute","0","\src\app\api\ai\tools\execute\route.ts"
"/api/ai/tools/health","0","\src\app\api\ai\tools\health\route.ts"
"/api/ai/tools/lookup","0","\src\app\api\ai\tools\lookup\route.ts"
"/api/ai/tools/version","0","\src\app\api\ai\tools\version\route.ts"
"/api/ai/usage","0","\src\app\api\ai\usage\route.ts"
"/api/ai/usage/health","0","\src\app\api\ai\usage\health\route.ts"
"/api/ai/usage/version","0","\src\app\api\ai\usage\version\route.ts"
"/api/ai/validator","0","\src\app\api\ai\validator\route.ts"
"/api/ai/validator/health","0","\src\app\api\ai\validator\health\route.ts"
"/api/ai/window","0","\src\app\api\ai\window\route.ts"
"/api/ai/window/health","0","\src\app\api\ai\window\health\route.ts"
"/api/ai/workers","0","\src\app\api\ai\workers\route.ts"
"/api/ai/workflows","0","\src\app\api\ai\workflows\route.ts"
"/api/ai/workflows/all","0","\src\app\api\ai\workflows\all\route.ts"
"/api/ai/workflows/delete","0","\src\app\api\ai\workflows\delete\route.ts"
"/api/ai/workflows/diagnostics","0","\src\app\api\ai\workflows\diagnostics\route.ts"
"/api/ai/workflows/health","0","\src\app\api\ai\workflows\health\route.ts"
"/api/ai/workflows/info","0","\src\app\api\ai\workflows\info\route.ts"
"/api/ai/workflows/lookup","0","\src\app\api\ai\workflows\lookup\route.ts"
"/api/ai/workflows/version","0","\src\app\api\ai\workflows\version\route.ts"
"/api/conversation","0","\src\app\api\conversation\route.ts"
